Title;Date;Price (â‚¬);Product Name
Hofer;24.05.2025.;3.49;"Hofer vikend akcija Fenomenalni vikend velja v petek 23.05. in sobotu 24.05.2025 v vseh trgovinah Hofer v Sloveniji.
Ta vikend samo v petek in sobotu v trgovinah Hofer akcija naslednjih sveÅ¾i zniÅ¾ani izdelkov :
    PiÅ¡ÄanÄja bedra brez kosti (s koÅ¾o)"
Hofer;24.05.2025.;6.49;Goveje mleto meso (koÅ¡Äki, 1 kg)
Hofer;24.05.2025.;3.29;PiÅ¡ÄanÄji medaljoni (400 g)
Hofer;24.05.2025.;4.49;PiÅ¡ÄanÄji raÅ¾njiÄi XXL (450 g + 150 g gratis)
Hofer;24.05.2025.;4.99;PiÅ¡ÄanÄji mini file XXL (610 g + 390 g gratis)
Hofer;24.05.2025.;4.99;ÄŒevapÄiÄi (Celjske mesnine, 1100 g)
Hofer;24.05.2025.;8.49;Slovenska postrv (Å¡arenka)
Hofer;24.05.2025.;4.99;Losos za Å¾ar (korzika / toskana / s poprom, 250 g)
Hofer;24.05.2025.;3.99;Burger z Angus govedino (Celjske mesnine, 400 g)
Hofer;24.05.2025.;3.19;Å½ar klobase (s sirom, Parvita, 400 g)
Hofer;24.05.2025.;7.99;Dimljena panceta
Hofer;24.05.2025.;0.99;PiÅ¡ÄanÄja posebna salama (200 g)
Hofer;24.05.2025.;1.59;Navadna klobasa (500 g)
Hofer;24.05.2025.;1.49;Veganski namaz MyVay (150 g)
Hofer;24.05.2025.;0.93;Coca-Cola / Sprite / Fanta Zero (1,5 l)
Hofer;24.05.2025.;2.69;LaÅ¡ki rizling (1 l)
Hofer;24.05.2025.;9.99;Prekajeni poltrdi sir Traunsteiner (Milfina)
Hofer;24.05.2025.;0.79;Puding Flecki (2 x 125 g)
Hofer;24.05.2025.;1.12;Premium sladoled Mucci (2,5 l)
Hofer;24.05.2025.;1.19;BabiÄin koruzni kruh (400 g)
Hofer;24.05.2025.;2.19;Hrustljavi vaflji / riÅ¾oplatanke / tortice (400 g)
Hofer;24.05.2025.;0.99;Motovilec (125 g)
Hofer;24.05.2025.;3.99;Letalski ananas
Hofer;24.05.2025.;1.19;Smiling Bear (slani prigrizki, 150 g)
Lidl;24.05.2025.;0.49;"Lidl vikend akcija velja v petek 23.05. in sobotu 24.05.2025.
Ta konec tedna boste v trgovinah Lidl prihranili ob nakupu naslednjih izdelkov.
Super vikend v Lidlu, akcijske cene veljajo samo v petek in soboto so na voljo odliÄni izdelki po izjemnih cenah:
â€“ SveÅ¾e jagnje v kosih 1kg"
Lidl;24.05.2025.;2.99;"NeÅ¾ivila:
â€“ Crivit moÅ¡ke nogavice za pohodniÅ¡tvo, 2 para, namesto"
Eurospin;24.05.2025.;0.19;"Izdelki v akciji:
â€“ rumena Äebula, pakirana 10kg"
Eurospin;24.05.2025.;11.99;"Neverjetna ponudba od 23. maja 2025:
â€“ mehanska osebna tehtnica"
Spar;24.05.2025.;251.1;"Spar in Interspar vikend akcija velja v petek 23.05. in  sobotu 24.05.2025.
Super popusti za konec tedna v soboto:
â€“ 30% ceneje mesni izdelki lastne priprave, 10% dodatni popust z vikend kuponom
â€“ 30% ceneje semena, zemlja, gnojila in vse za vrt, 10% dodatni popust z vikend kuponom
â€“ 40% ceneje oljÄna olja Monini, 10% dodatni popust z vikend kuponom
â€“ pralni stroj Candy, 30% ceneje"
Mercator;24.05.2025.;0.87;"Mercator vikend akcija velja v petek 23.05. in  sobota 24. 05. 2025 v vseh Å¾ivilskih trgovinah Mercator v Sloveniji.
Ta konec tedna vas v trgovinah Mercator Äaka naslednja akcija:
â€“ piÅ¡ÄanÄja bedra z dodano marinado PP Natur 1kg namesto"
Mercator;24.05.2025.;30.0;In petek 23.05. ali soboto 24.05. 25% popust na izdelek po izbiri ob nakupu preostalega dela koÅ¡arice nad 5â‚¬ ali 10% popust na celoten nakup ob nakupu nad
Hofer;17.05.2025.;0.59;"Hofer vikend akcija Fenomenalni vikend velja v petek 09.05. in sobotu 10.05.2025 v vseh trgovinah Hofer v Sloveniji.
Ta vikend samo v petek in sobotu v trgovinah Hofer akcija naslednjih sveÅ¾i zniÅ¾ani izdelkov :
â€“ File zlatovÄice (400 g)"
Lidl;17.05.2025.;0.34;"Lidl vikend akcija velja v petek 16.05. in sobotu 17.05.2025.
Ta konec tedna boste v trgovinah Lidl prihranili ob nakupu naslednjih izdelkov.
Super vikend v Lidlu, akcijske cene veljajo samo v petek in soboto so na voljo odliÄni izdelki po izjemnih cenah:
â€“ sveÅ¾e pleskavice 450g, namesto"
Lidl;17.05.2025.;7.69;"NeÅ¾ivila:
â€“ Äevlji za malÄke, namesto"
Mercator;17.05.2025.;2.39;"Mercator vikend akcija velja v petek 16.05. in  sobota 17. 05. 2025 v vseh Å¾ivilskih trgovinah Mercator v Sloveniji.
Ta konec tedna vas v trgovinah Mercator Äaka naslednja akcija:
â€“ mleto meÅ¡ano meso 450g, namesto"
Mercator;17.05.2025.;30.0;In petek 16.05. ali soboto 17.05. 25% popust na izdelek po izbiri ob nakupu preostalega dela koÅ¡arice nad 5â‚¬ ali 10% popust na celoten nakup ob nakupu nad
Eurospin;17.05.2025.;0.89;"Izdelki v akciji:
â€“ banane 1kg"
Eurospin;17.05.2025.;29.99;"Neverjetna ponudba od 16. maja 2025:
â€“ 27,5 palÄno gorsko kolo"
Spar;17.05.2025.;;
Hofer;10.05.2025.;2.19;"Hofer vikend akcija Fenomenalni vikend velja v petek 09.05. in sobotu 10.05.2025 v vseh trgovinah Hofer v Sloveniji.
Ta vikend samo v petek in sobotu v trgovinah Hofer akcija naslednjih sveÅ¾i zniÅ¾ani izdelkov :
File soma (300 g)"
Hofer;10.05.2025.;1.99;PiÅ¡ÄanÄje mleto meso (400 g)
Hofer;10.05.2025.;2.99;PiÅ¡ÄanÄje kraÄe (1 kg)
Hofer;10.05.2025.;7.99;Teletina za pod peko (na kg)
Hofer;10.05.2025.;2.99;Svinjski laks kare zrezki (380 g + 120 g gratis)
Hofer;10.05.2025.;3.99;ZaÄinjeni piÅ¡ÄanÄji zrezki (tahito pikantni, 400 g)
Hofer;10.05.2025.;2.99;SveÅ¾i piÅ¡Äanec (z obema dodatnima bedroma)
Hofer;10.05.2025.;4.79;Svinjsko pleÄe v kosu (na kg)
Hofer;10.05.2025.;4.29;OÄiÅ¡Äeni lignji (500 g)
Hofer;10.05.2025.;2.49;Svinjski kare s kostjo (500 g)
Hofer;10.05.2025.;4.29;Prekmurska gibanica (550 g)
Hofer;10.05.2025.;2.79;PiÅ¡ÄanÄje prsi v ovitku (400 g)
Hofer;10.05.2025.;8.99;Originalni italijanski prÅ¡ut (na kg)
Hofer;10.05.2025.;5.29;Prekajena svinjska rebra
Hofer;10.05.2025.;2.19;Grannyâ€™s dÅ¾em (marelica ali jagoda, 400 g)
Hofer;10.05.2025.;1.99;Safalada (450 g)
Hofer;10.05.2025.;5.99;Mamia plenice (vel. 5, 44 kosov)
Hofer;10.05.2025.;0.69;Mozzarella (navadna ali lahka, 125 g)
Hofer;10.05.2025.;1.49;AraÅ¡idi praÅ¾eni v lupini (400 g)
Hofer;10.05.2025.;0.69;Bela Å¡truca (500 g)
Hofer;10.05.2025.;1.49;Maline (125 g)
Hofer;10.05.2025.;2.29;Rozine v mleÄni/temni Äokoladi (400 g)
Hofer;10.05.2025.;0.25;Flying Power energijska pijaÄa (0,25 l)
Hofer;10.05.2025.;1.89;Slovenski paradiÅ¾nik miks LuÅ¡t (200 g)
Lidl;10.05.2025.;0.85;"Lidl vikend akcija velja v petek 09.05. in sobotu 10.05.2025.
Ta konec tedna boste v trgovinah Lidl prihranili ob nakupu naslednjih izdelkov.
Super vikend v Lidlu, akcijske cene veljajo samo v petek in soboto so na voljo odliÄni izdelki po izjemnih cenah:
â€“ piÅ¡ÄanÄji prsni fileji 500g, namesto"
Lidl;10.05.2025.;1.99;"NeÅ¾ivila:
â€“ moÅ¡ke delovne nogavice, 2 para namesto"
Eurospin;10.05.2025.;0.79;"Izdelki v akciji:
â€“ jagode pakirane 500g"
Eurospin;10.05.2025.;5.99;"Neverjetna ponudba od 09. maja 2025:
â€“ dvostranska kolesarska torba"
Spar;10.05.2025.;1.52;"Spar in Interspar vikend akcija velja v petek 09.05. in  sobotu 10.05.2025.
Super popusti za konec tedna v soboto:
â€“ atlantski losos file, rena cena"
Mercator;10.05.2025.;;
Hofer;03.05.2025.;2.69;"Hofer vikend akcija Fenomenalni vikend velja v sobotu 03.05.2025 v vseh trgovinah Hofer v Sloveniji.
Ta vikend samo v petek in sobotu v trgovinah Hofer akcija naslednjih sveÅ¾i zniÅ¾ani izdelkov :
1. Mleto meÅ¡ano meso
    Okus podeÅ¾elja, 500 g
    Cena:"
Hofer;03.05.2025.;3.49;"2. PiÅ¡ÄanÄji file in stegna brez kosti in koÅ¾e
    Okus podeÅ¾elja, Pivka, 500 g
    Cena:"
Hofer;03.05.2025.;3.49;"3. Klobasa s sirom BBQ, 360 g
    Cena:"
Hofer;03.05.2025.;5.49;"4. File norveÅ¡kega lososa
    Gourmet Finest Cuisine, 300 g
    Cena:"
Hofer;03.05.2025.;0.99;"5. Medena melona
    Cena:"
Hofer;03.05.2025.;1.49;"6. Toskanski kruh Backbox, 360 g
    Cena:"
Hofer;03.05.2025.;0.99;"7. Å ampinjoni za Å¾ar 400 g
    Cena:"
Hofer;03.05.2025.;6.99;"8. Odojek BBQ, Celjske mesnine
    Cena:"
Hofer;03.05.2025.;3.19;"9. Svinjski steaki
    BBQ, kare ali vrat, Celjske mesnine
    Cena:"
Hofer;03.05.2025.;1.29;"11. Mortadela Bologna (Regione Che Vai)
    KoliÄina: 150 g
    Cena:"
Hofer;03.05.2025.;1.59;"12. Korneti (Mucci)
    Okusi: jagoda ali leÅ¡nik
    KoliÄina: 6 Ã— 120 ml
    Cena:"
Hofer;03.05.2025.;0.99;"13. Tortilla Äips (Snack Fun)
    Okusi: klasiÄen ali sirni
    KoliÄina: 300 g
    Cena:"
Hofer;03.05.2025.;1.39;"14. Premium grisini (Snack Fun)
    Okusi: z buÄnimi semeni ali s ÄemaÅ¾em
    KoliÄina: 170 g
    Cena:"
Hofer;03.05.2025.;1.09;"15. Italijanski kis (Castello)
    Vrsti: Aceto Balsamico ali Condimento Bianco
    KoliÄina: 0,5 l
    Cena:"
Hofer;03.05.2025.;0.89;"16. Koruzni storÅ¾ki (Kingâ€™s Crown)
    Neto koliÄina: 340 g oz. 370 ml
    Cena:"
Hofer;03.05.2025.;1.79;"17. Sirov narezek (Milsani)
    KoliÄina: 250 g
    Cena:"
Hofer;03.05.2025.;0.75;"18. Navadni domaÄi jogurt (Milfina)
    KoliÄina: 500 ml
    Cena:"
Hofer;03.05.2025.;3.29;"19. SveÅ¾e pecivo (Good Choice)
    Vrste: Sacher rezina ali Oreo rezina
    KoliÄina: 360 g oz. 330 g
    Cena:"
Hofer;03.05.2025.;1.33;"20. Svetlo pivo Orel (BergkÃ¶nig)
    Pakiranje: 24 Ã— 0,5 l
    Alkohol:4,9 % vol.
    Cena:"
Lidl;03.05.2025.;0.33;"Lidl super vikend akcija velja v sobotu 03.05.2025.
Ta konec tedna boste v trgovinah Lidl prihranili ob nakupu naslednjih izdelkov.
Super vikend v Lidlu, akcijske cene veljajo samo v petek in soboto so na voljo odliÄni izdelki po izjemnih cenah:
Hrana in pijaÄa:
â€“ Baroni klobasa za kuhanje, Mesnine Å tajerske 500g, namesto"
Lidl;03.05.2025.;3.99;"NeÅ¾ivila:
â€“ Esmara Å¾enski bodi, mehak in prilegajoÄ se zaradi viskoze, namesto"
Eurospin;03.05.2025.;0.85;"Izdelki v akciji:
â€“ paradiÅ¾nik v grozdu 1kg"
Eurospin;03.05.2025.;12.99;"Neverjetna ponudba od 3. maja 2025:
â€“ zloÅ¾ljiva klop"
Spar;03.05.2025.;;
Hofer;26.04.2025.;1.19;"Hofer vikend akcija Fenomenalni vikend velja v petek 25.04. in sobotu 26.04.2025 v vseh trgovinah Hofer v Sloveniji.
Ta vikend samo v petek in sobotu v trgovinah Hofer akcija naslednjih sveÅ¾i zniÅ¾ani izdelkov :
Wonnemeyer Humus (175 g)"
Hofer;26.04.2025.;0.29;River Cola (330 ml)
Hofer;26.04.2025.;1.29;Snack Fun ÄŒips v tulcu (175 g)
Hofer;26.04.2025.;2.89;Milfina Sir Roblek (300 g)
Hofer;26.04.2025.;11.49;Gozdni med iz Slovenije (900 g)
Hofer;26.04.2025.;0.69;Finest Bakery Italijanski polnozrnati keksi (250 g)
Hofer;26.04.2025.;2.99;Lacura Men nadomestni nastavki (6 kosov + 3 gratis ali 4 kos + 2 gratis)
Hofer;26.04.2025.;4.99;Vipava Bag in Box Barbera-Merlot (3 l)
Hofer;26.04.2025.;1.39;All Seasons Valovit krompirÄek (1 kg)
Hofer;26.04.2025.;1.19;Okus Tradicije VrtanÄek (350 g)
Hofer;26.04.2025.;0.89;Natureâ€™s Gold Slovenska rdeÄa pesa (350 g)
Hofer;26.04.2025.;1.19;Bio Natura Bio Smoothie (200 ml)
Hofer;26.04.2025.;0.99;BuÄke (1 kg)
Hofer;26.04.2025.;1.39;Mini lubenica (na kg)
Hofer;26.04.2025.;2.99;Good Choice Kokos kocke (480 g)
Hofer;26.04.2025.;3.29;Lovke orjaÅ¡kega lignja (500 g)
Hofer;26.04.2025.;5.29;PiÅ¡ÄanÄji mini file
Hofer;26.04.2025.;5.99;Svinjski zrezki (Celjske mesnine)
Hofer;26.04.2025.;3.49;SveÅ¾i piÅ¡Äanec (Perutnina Ptuj)
Hofer;26.04.2025.;5.49;ÄŒevapÄiÄi (Celjske mesnine, 1100 g)
Hofer;26.04.2025.;4.49;PiÅ¡Äanji raÅ¾njiÄi XXL (Perutnina Ptuj)
Hofer;26.04.2025.;3.69;PiÅ¡ÄanÄji ÄevapÄiÄi in pleskavice XXL (Pivka, 430 g + 170 g)
Hofer;26.04.2025.;1.49;Hot dog brez ovoja (320 g)
Hofer;26.04.2025.;5.69;Rebra za Å¾ar, marinirana (Panvita)
Hofer;26.04.2025.;4.99;Losos za Å¾ar (250 g)
Hofer;26.04.2025.;2.59;UÅ¡tipci s sirom (400 g)
Hofer;26.04.2025.;18.39;Zorjeni roastbeef steak (Gourmet Finest Cuisine, 3 tedne zorjen)
Lidl;26.04.2025.;0.89;"Lidl super vikend akcija velja v petek 25.04. in sobotu 26.04.2025.
Ta konec tedna boste v trgovinah Lidl prihranili ob nakupu naslednjih izdelkov.
Super vikend v Lidlu, akcijske cene veljajo samo v petek in soboto so na voljo odliÄni izdelki po izjemnih cenah:
Hrana in pijaÄa:
â€“ odojek v kosih 1kg"
Lidl;26.04.2025.;5.39;"NeÅ¾ivila:
â€“ komplet za varÄevanje z vodo, namesto"
Spar;26.04.2025.;0.24;"Spar in Interspar vikend akcija velja v petek 25.04. in sobotu 26.04.2025.
Super popusti za konec tedna v petek in soboto:
â€“ 40% ceneje mesni izdelki Lastne priprave, 10% dodatni popust z vikend kuponom
â€“ S budget energijski napitek 250ml, 30% ceneje, redna cena"
Mercator;26.04.2025.;1.69;"Mercator vikend akcija velja v petek 25.04. in  sobota 26. 04. 2025 v vseh Å¾ivilskih trgovinah Mercator v Sloveniji.
Ta konec tedna vas v trgovinah Mercator Äaka naslednja akcija:
â€“ piÅ¡ÄanÄji file, postreÅ¾en 1kg, namesto"
Mercator;26.04.2025.;30.0;In petek 25.4. ali soboto 26.4. 25% popust na izdelek po izbiri ob nakupu preostalega dela koÅ¡arice nad 5â‚¬ ali 10% popust na celoten nakup ob nakupu nad
Eurospin;26.04.2025.;0.45;"Izdelki v akciji:
â€“ rumena Äebula, pakirana 5kg"
Eurospin;26.04.2025.;14.99;"Neverjetna ponudba od 25. aprila 2025:
â€“ umetna trava 8mm"
Hofer;19.04.2025.;2.79;"Hofer vikend akcija Fenomenalni vikend velja v petek 18.04. in sobotu 19.04.2025 v vseh trgovinah Hofer v Sloveniji.
Ta vikend samo v petek in sobotu v trgovinah Hofer akcija naslednjih sveÅ¾i zniÅ¾ani izdelkov :
ğŸ¥© Meso in mesni izdelki:
    Goveje mleto meso (XXL)"
Hofer;19.04.2025.;7.29;"ğŸ¦‘ Ribe in morski sadeÅ¾i:
    BBQ oÄiÅ¡Äeni lignji (500 g)"
Hofer;19.04.2025.;1.79;"ğŸ Pekovski izdelki:
    Ajdov kruh z orehi (400 g)"
Hofer;19.04.2025.;0.18;"ğŸ¥šğŸ« Hrana in slaÅ¡Äice:
    Jajca iz hlevske reje (10 kosov)"
Hofer;19.04.2025.;1.29;"ğŸ¥© Meso in mesni izdelki:
    Suha domaÄa klobasa (200 g)"
Hofer;19.04.2025.;0.99;"ğŸ¥¬ğŸ Sadje in zelenjava:
    Blitva"
Hofer;19.04.2025.;1.79;"ğŸª MleÄni izdelki in sladkarije:
    Finest Bakery Danski keksi (150 g)"
Hofer;19.04.2025.;1.09;"ğŸ§ƒ PijaÄe:
    Rio dâ€™Oro Motni sok (1 l, jabolko ali hruÅ¡ka)"
Lidl;19.04.2025.;1.99;"Lidl vikend akcija velja v petek 18.04. in sobotu 19.04.2025.
Ta konec tedna boste v trgovinah Lidl prihranili ob nakupu naslednjih izdelkov.
Super vikend v Lidlu, akcijske cene veljajo samo v petek in soboto so na voljo odliÄni izdelki po izjemnih cenah:
ğŸ¥© Mesni izdelki:
    PiÅ¡ÄanÄji prsni fileji (800g)"
Lidl;19.04.2025.;1.79;"ğŸ¥› MleÄni izdelki:
    MILBONA Sadni jogurti (8x125g)"
Lidl;19.04.2025.;0.55;"ğŸ§… Zelenjava:
    Mlada Äebula"
Lidl;19.04.2025.;2.39;"ğŸ« Sladkarije:
    L.D. Gross ÄŒokoladne palÄke"
Lidl;19.04.2025.;0.49;"ğŸº PijaÄe:
    EDEKA Radler limona (0,5 l)"
Lidl;19.04.2025.;2.99;"ğŸ‘• OblaÄila:
    CRIVIT Å½enski funkcijski top"
Lidl;19.04.2025.;15.99;"ğŸ³ Gospodinjski pripomoÄki:
    Ponev (Ã˜ 24 cm)"
Lidl;19.04.2025.;6.99;"ğŸ’ Cvetje:
    Veliki velikonoÄni Å¡opek"
Eurospin;19.04.2025.;0.99;"Izdelki v akciji:
â€“ jabolka Jonagold 1kg"
Eurospin;19.04.2025.;8.99;"Neverjetna ponudba od 18. aprila 2025:
â€“ cvrtnik na vroÄ zrak 12l"
Spar;19.04.2025.;2.47;"Spar in Interspar vikend akcija velja v petek 18.04. in sobotu 19.04.2025.
Super popusti za konec tedna v petek in soboto:
â€“ 30% ceneje pakirani narezki Kras, z vikend kuponom dodatni popust 10%
â€“ velike Äokoladne tablice Milka, od 250 do 300g, redna cena"
Mercator;19.04.2025.;1.99;"Mercator vikend akcija velja v petek 18.04. in  sobota 19. 04. 2025 v vseh Å¾ivilskih trgovinah Mercator v Sloveniji.
Ta konec tedna vas v trgovinah Mercator Äaka naslednja akcija:
â€“ piÅ¡ÄanÄje peruti PP Natur, 1kg namesto"
Mercator;19.04.2025.;30.0;In petek 18.4. ali soboto 19.4. 25% popust na izdelek po izbiri ob nakupu preostalega dela koÅ¡arice nad 5â‚¬ ali 10% popust na celoten nakup ob nakupu nad
Hofer;12.04.2025.;8.99;"Hofer vikend akcija Fenomenalni vikend velja v petek 11.04. in sobotu 12.04.2025 v vseh trgovinah Hofer v Sloveniji.
Ta vikend samo v petek in sobotu v trgovinah Hofer akcija naslednjih sveÅ¾i zniÅ¾ani izdelkov :
Å tuduce OÄiÅ¡Äena zlatovÄica (za kg)"
Hofer;12.04.2025.;7.49;PiÅ¡ÄanÄji medaljoni Pivka (800 g + 200 g GRATIS)
Hofer;12.04.2025.;2.19;PiÅ¡ÄanÄja bedra brez kosti in koÅ¾e (500 g)
Hofer;12.04.2025.;2.89;Svinjski laks kare zrezki Panvita (370 g + 130 g GRATIS)
Hofer;12.04.2025.;1.99;Mleto meÅ¡ano meso (500 g)
Hofer;12.04.2025.;2.89;Puranje kraÄe (za kg)
Hofer;12.04.2025.;5.49;ÄŒevapÄiÄi (1000 g)
Hofer;12.04.2025.;3.49;PiÅ¡ÄanÄji file in stegna brez kosti in koÅ¾e Pivka (500 g)
Hofer;12.04.2025.;4.49;PiÅ¡ÄanÄji raÅ¾njiÄi XXL (450 g + 150 g GRATIS)
Hofer;12.04.2025.;4.49;Losos za Å¾ar (korziÅ¡ka ali s poprom, 250 g)
Hofer;12.04.2025.;0.49;Kumara (kos)
Hofer;12.04.2025.;1.69;ZaÄinjene piÅ¡ÄanÄje peruti (500 g)
Hofer;12.04.2025.;0.39;Milsani MleÄni namaz (70 g)
Hofer;12.04.2025.;2.99;Bakalar na belo / z olivami (150 g)
Hofer;12.04.2025.;1.79;Happy Harvest Beljakovinski kruh (250 g)
Hofer;12.04.2025.;1.69;Hofburger Sir Gavda v rezinah (250 g)
Hofer;12.04.2025.;1.29;Le Gusto ParadiÅ¾nikov keÄap (650/950 g)
Hofer;12.04.2025.;1.59;KraÅ¡ki dvojÄek (100 g)
Hofer;12.04.2025.;3.19;Zimska salama (300 g)
Hofer;12.04.2025.;2.49;Vipava Merlot vino (0,75 l)
Hofer;12.04.2025.;0.89;PiÅ¡ÄanÄja jetrena paÅ¡teta (120 g)
Hofer;12.04.2025.;1.39;Kruh brez kvasa s semeni (400 g)
Hofer;12.04.2025.;2.99;Oreh v lupini 1kg
Hofer;12.04.2025.;0.69;Sadna pijaÄa z okusom breskve 1l
Hofer;12.04.2025.;1.39;Krekerji / ribice 350g
Hofer;12.04.2025.;8.29;SveÅ¾a sadna torta 1000g
Lidl;12.04.2025.;0.33;"Lidl super vikend akcija velja v petek 11.04. in sobotu 12.04.2025.
Ta konec tedna boste v trgovinah Lidl prihranili ob nakupu naslednjih izdelkov.
Super vikend v Lidlu, akcijske cene veljajo samo v petek in soboto so na voljo odliÄni izdelki po izjemnih cenah:
Hrana in pijaÄa:
â€“ jagnje v kosih 1kg"
Lidl;12.04.2025.;2.99;"NeÅ¾ivila:
â€“ izbor kladiv, namesto"
Eurospin;12.04.2025.;0.35;"Izdelki v akciji:
â€“ rdeÄi krompir, pakiran 5kg"
Eurospin;12.04.2025.;9.99;"Neverjetna ponudba od 11. aprila 2025:
â€“ razliÄne Lego kocke"
Mercator;12.04.2025.;1.04;"Mercator vikend akcija velja v petek 11.04. in  sobota 12. 04. 2025 v vseh Å¾ivilskih trgovinah Mercator v Sloveniji.
Ta konec tedna vas v trgovinah Mercator Äaka naslednja akcija:
â€“ naravna mineralna voda Donat 1l, namesto"
Mercator;12.04.2025.;30.0;In petek 11.4. ali soboto 12.4. 25% popust na izdelek po izbiri ob nakupu preostalega dela koÅ¡arice nad 5â‚¬ ali 10% popust na celoten nakup ob nakupu nad
Spar;12.04.2025.;;
Hofer;05.04.2025.;3.69;"Hofer vikend akcija Fenomenalni vikend velja v petek 04.04. in sobotu 05.04.2025 v vseh trgovinah Hofer v Sloveniji.
Ta vikend samo v petek in sobotu v trgovinah Hofer akcija naslednjih sveÅ¾i zniÅ¾ani izdelkov :
ÄŒevapÄiÄi/Pleskavice XXL (Pliva, 450 g + 150 g)"
Hofer;05.04.2025.;8.49;Studenec Slovenska postrv (Ribogojstvo GoriÄar)
Hofer;05.04.2025.;5.49;Perutnina Ptuj Ognjene perutniÄke (800 g)
Hofer;05.04.2025.;4.89;Svinjsko stegno (Celjske mesnine)
Hofer;05.04.2025.;3.99;Mleto meÅ¡ano meso (Pivka)
Hofer;05.04.2025.;7.69;Osso Buco (Celjske mesnine)
Hofer;05.04.2025.;8.89;Puranje file (Perutnina Ptuj)
Hofer;05.04.2025.;3.69;SveÅ¾i piÅ¡Äanec (Perutnina Ptuj)
Hofer;05.04.2025.;1.59;PiÅ¡ÄanÄji kroÅ¾nik (Pivka, 380 g)
Hofer;05.04.2025.;18.99;Zorjeni roastbeef steak (3 tedne zorjen)
Hofer;05.04.2025.;5.49;File norveÅ¡kega lososa (300 g)
Hofer;05.04.2025.;0.99;Mango (dozorejen)
Hofer;05.04.2025.;0.89;Brokoli (500 g)
Hofer;05.04.2025.;1.19;Å½veÄljivi kisli bonboni (300 g)
Hofer;05.04.2025.;1.59;Brizgani keksi (kokos, vanilja ali mandelj, 300 g)
Hofer;05.04.2025.;2.79;Bio kokosov sladkor (500 g)
Hofer;05.04.2025.;5.49;Sir Roblek v rezinah (500 g)
Hofer;05.04.2025.;1.19;Bio riÅ¾ev napitek (1 l, Äajnikov ali mandljev)
Hofer;05.04.2025.;3.69;PeneÄe vino Semi-Seco (0,75 l)
Hofer;05.04.2025.;1.99;Jedrca makadamije (125 g, praÅ¾ena in soljena ali praÅ¾ena in nesoljena)
Hofer;05.04.2025.;0.89;Kreker mix (300 g)
Hofer;05.04.2025.;2.99;Proteinska granola (200 g, Äokolada ali sadje)
Hofer;05.04.2025.;1.49;TlaÄenka (400 g)
Hofer;05.04.2025.;1.19;Temni ementaler (400 g)
Hofer;05.04.2025.;1.19;Pizza Å¡unka (narezek, 200 g)
Hofer;05.04.2025.;2.19;PrÅ¡ut Crudo Dolce (150 g)
Hofer;05.04.2025.;2.89;Pica iz kruÅ¡ne peÄi (2 x 350 g, salama, tuna ali Å¡pinaÄa)
Lidl;05.04.2025.;0.69;"Lidl vikend akcija velja v petek 04.04. in sobotu 05.04.2025.
Ta konec tedna boste v trgovinah Lidl prihranili ob nakupu naslednjih izdelkov.
Super vikend v Lidlu, akcijske cene veljajo samo v petek in soboto so na voljo odliÄni izdelki po izjemnih cenah:
Hrana in pijaÄa:
â€“ piÅ¡ÄanÄje peruti 500g, namesto"
Lidl;05.04.2025.;2.39;"NeÅ¾ivila:
â€“ majica z dolgimi rokavi za malÄke kos namesto"
Mercator;05.04.2025.;1.99;"Mercator vikend akcija velja v petek 04.04. in  sobota 05. 04. 2025 v vseh Å¾ivilskih trgovinah Mercator v Sloveniji.
Ta konec tedna vas v trgovinah Mercator Äaka naslednja akcija:
â€“ piknik ploÅ¡Äa PP Weekend, Perutnina Ptuj 1kg, namesto"
Eurospin;05.04.2025.;0.65;"Izdelki v akciji:
â€“ banane 1kg"
Eurospin;05.04.2025.;19.99;"Neverjetna ponudba od 04. aprila 2025:
â€“ zaÅ¡Äitna avtomobilska prevleka proti toÄi"
Spar;05.04.2025.;;
Muller;05.04.2025.;10.0;Zagotovite si 20 % popusta pri nakupu nad
Muller;05.04.2025.;10.0;ÄŒe oboÅ¾ujete kakovostne parfume, negovalne kreme, naravno kozmetiko in druge lepotne izdelke, je zdaj pravi Äas za nakup! Med trajanjem akcije lahko uveljavite 20 % popusta pri nakupu izdelkov na oddelku parfumerije in naravne kozmetike v vrednosti nad
Hofer;29.03.2025.;0.39;"Hofer vikend akcija Fenomenalni vikend velja v petek 28.03. in sobotu 29.03.2025 v vseh trgovinah Hofer v Sloveniji.
Ta vikend samo v petek in sobotu v trgovinah Hofer akcija naslednjih sveÅ¾i zniÅ¾ani izdelkov :
GOVEJA REBRA 1kg 5,79
POLNENA SVINISKA POTRBUÅ INA 1kg 6,89
PIÅ ÄŒANÄŒJI ODÅ ÄŒIPANCI S SIROM IN SLANNO 400g 2,99
SVINISKE MESMATE KOSTI ZA JUHO 1kg 1,49
FILE LOSOSA 1kg 10,99
PIÅ ÄŒANÄŒIE KOCKE 400g 3,19
LOSOS ZA Å½AR 250g"
Lidl;29.03.2025.;0.89;"Lidl vikend akcija velja v petek 28.03. in sobotu 29.03.2025.
Ta konec tedna boste v trgovinah Lidl prihranili ob nakupu naslednjih izdelkov.
Super vikend v Lidlu, akcijske cene veljajo samo v petek in soboto so na voljo odliÄni izdelki po izjemnih cenah:
Hrana in pijaÄa:
â€“ odojek v kosih 1kg"
Lidl;29.03.2025.;2.99;"NeÅ¾ivila:
â€“ Tronic avtomobilski polnilni adapter USB, namesto"
Spar;29.03.2025.;14.99;"Spar in Interspar vikend akcija velja v petek 28.03. in sobotu 29.03.2025.
Super popusti za konec tedna v petek in soboto:
â€“ atlantski losos kosi 1kg, namesto"
Eurospin;29.03.2025.;0.89;"Izdelki v akciji:
â€“ rumeni krompir, pakiran 10kg"
Eurospin;29.03.2025.;7.99;"Neverjetna ponudba od 28. marca 2025:
â€“ komplet 2 moÅ¡kih kratkih majic, 100% bombaÅ¾"
Mercator;29.03.2025.;1.54;"Mercator vikend akcija velja v petek 28.03. in  sobota 29. 03. 2025 v vseh Å¾ivilskih trgovinah Mercator v Sloveniji.
Ta konec tedna vas v trgovinah Mercator Äaka naslednja akcija:
â€“ slovenske piÅ¡ÄanÄje peruti PPP Natur 1kg, namesto"
Hofer;22.03.2025.;0.89;"Hofer vikend akcija Fenomenalni vikend velja v petek 21.03. in sobotu 22.03.2025 v vseh trgovinah Hofer v Sloveniji.
Ta vikend samo v petek in sobotu v trgovinah Hofer akcija naslednjih sveÅ¾i zniÅ¾ani izdelkov :
Losos burger (200 g)"
Lidl;22.03.2025.;0.35;"Lidl super vikend akcija velja v petek 21.03. in sobotu 22.03.2025.
Ta konec tedna boste v trgovinah Lidl prihranili ob nakupu naslednjih akcijskih izdelkov.
Super vikend v Lidlu, akcijske cene veljajo samo v petek in soboto so na voljo odliÄni izdelki po izjemnih cenah:
Hrana in pijaÄa:
â€“ matovilec 150g"
Lidl;22.03.2025.;2.99;"NeÅ¾ivila:
â€“ izbor ÄopiÄev ali pribora za ÄopiÄe, namesto"
Eurospin;22.03.2025.;0.99;"Izdelki v akciji:
â€“ banane 1kg"
Eurospin;22.03.2025.;6.99;"Neverjetna ponudba od 21. marca 2025:
â€“ dvobarvno pregrinjalo za enojno posteljo"
Mercator;22.03.2025.;0.79;"Mercator vikend akcija velja v petek 21.03. in  sobota 22. 03. 2025 v vseh Å¾ivilskih trgovinah Mercator v Sloveniji.
Ta konec tedna vas v trgovinah Mercator Äaka naslednja akcija:
â€“ piÅ¡ÄanÄje kraÄe PP Natur, pakirano 1kg namesto"
Spar;22.03.2025.;;
Hofer;15.03.2025.;0.02;"Hofer vikend akcija Fenomenalni vikend velja v petek 14.03. in sobotu 15.03.2025 v vseh trgovinah Hofer v Sloveniji.
Ta vikend samo v petek in sobotu v trgovinah Hofer akcija naslednjih sveÅ¾i zniÅ¾ani izdelkov :
Brancin (Fishultura, oÅ¾i 250 g)"
Lidl;15.03.2025.;0.56;"Lidl super vikend akcija velja v petek 14.03. in sobotu 15.03.2025.
Ta konec tedna boste v trgovinah Lidl prihranili ob nakupu naslednjih akcijskih izdelkov.
Super vikend v Lidlu, akcijske cene veljajo samo v petek in soboto so na voljo odliÄni izdelki po izjemnih cenah:
Hrana in pijaÄa:
â€“ piÅ¡ÄanÄji prsni fileji Pivka 800g, namesto"
Lidl;15.03.2025.;5.29;"NeÅ¾ivila:
â€“ zloÅ¾ljiva jeklena stopnica namesto"
Spar;15.03.2025.;;
Eurospin;15.03.2025.;0.45;"Izdelki v akciji:
â€“ kiselo zelje 1kg"
Eurospin;15.03.2025.;12.99;"Neverjetna ponudba od 14. marca 2025:
â€“ elektriÄni opekaÄ kruha"
Mercator;15.03.2025.;1.19;"Mercator vikend akcija velja v petek 14.03. in  sobota 15. 03. 2025 v vseh Å¾ivilskih trgovinah Mercator v Sloveniji.
Ta konec tedna vas v trgovinah Mercator Äaka naslednja akcija:
â€“ piÅ¡ÄanÄja bedra z dodano marinado PP Natur 1kg, namesto"
Hofer;08.03.2025.;0.45;"Hofer vikend akcija Fenomenalni vikend velja v petek 07.03. in sobotu 08.03.2025 v vseh trgovinah Hofer v Sloveniji.
Ta vikend samo v petek in sobotu v trgovinah Hofer akcija naslednjih sveÅ¾i zniÅ¾ani izdelkov :
â€“ Osso Buco (Celjske mesnine)"
Mercator;08.03.2025.;1.69;"Mercator vikend akcija velja v petek 07.03. in  sobota 08. 03. 2025 v vseh Å¾ivilskih trgovinah Mercator v Sloveniji.
Ta konec tedna vas v trgovinah Mercator Äaka naslednja akcija:
â€“ piÅ¡ÄanÄje peruti brez konic z marinado PP Natur, 1kg namesto"
Lidl;08.03.2025.;0.59;"Lidl super vikend akcija velja v petek 07.03. in sobotu 08.03.2025.
Ta konec tedna boste v trgovinah Lidl prihranili ob nakupu naslednjih akcijskih izdelkov.
Super vikend v Lidlu, akcijske cene veljajo samo v petek in soboto so na voljo odliÄni izdelki po izjemnih cenah:
Hrana in pijaÄa:
â€“ jagnje v kosih 1kg"
Lidl;08.03.2025.;3.49;"NeÅ¾ivila:
â€“ Palette barva za lase kos, namesto"
Spar;08.03.2025.;2.49;"Spar in Interspar vikend akcija velja v petek 07.03. in sobotu 08.03.2025.
Super popusti za konec tedna v petek in soboto:
â€“ atlantski losos file, sveÅ¾e, postreÅ¾no 1kg, namesto"
Eurospin;08.03.2025.;0.79;"Izdelki v akciji:
â€“ rumena Äebula pakirana 5kg"
Eurospin;08.03.2025.;12.99;"Neverjetna ponudba od 07. marca 2025:
â€“ Å¡karje za obrezovanje ali za Å¾ivo mejo z raztegljivimi roÄaji"
